,unnamed: 0,name,platform,year_of_release,genre,publisher,na_players,eu_players,jp_players,other_players,global_players,critic_score,critic_count,user_score,user_count,developer,rating
183,184,Madden NFL 2004,PS2,,Sports,Electronic Arts,4.26,0.26,0.01,0.71,5.23,94.0,29.0,8.5,140.0,EA Tiburon,E
377,378,FIFA Soccer 2004,PS2,,Sports,Electronic Arts,0.59,2.36,0.04,0.51,3.49,84.0,20.0,6.4,76.0,EA Canada,E
456,457,LEGO Batman: The Videogame,Wii,,Action,Warner Bros. Interactive Entertainment,1.8,0.97,0.0,0.29,3.06,74.0,17.0,7.9,22.0,Traveller's Tales,E10+
475,476,wwe Smackdown vs. Raw 2006,PS2,,Fighting,,1.57,1.02,0.0,0.41,3.0,,,,,,
609,610,Space Invaders,2600,,Shooter,Atari,2.36,0.14,0.0,0.03,2.53,,,,,,
627,628,Rock Band,X360,,Misc,Electronic Arts,1.93,0.33,0.0,0.21,2.47,92.0,72.0,8.2,178.0,Harmonix Music Systems,T
657,658,Frogger's Adventures: Temple of the Frog,GBA,,Adventure,Konami Digital Entertainment,2.15,0.18,0.0,0.07,2.39,73.0,4.0,tbd,,Konami Computer Entertainment Hawaii,E
679,680,Resident Evil - Code: Veronica X,PS2,2001.0,Action,Capcom,1.08,0.7,0.34,0.21,2.34,84.0,21.0,8.4,189.0,Capcom,M
720,721,New Super Luigi U,WiiU,2013.0,Platform,Nintendo,1.25,0.62,0.18,0.18,2.24,77.0,59.0,7.9,288.0,Nintendo,E
806,807,Warcraft: Orcs & Humans,PC,1994.0,Strategy,Activision,0.89,1.08,0.0,0.11,2.08,,,,,,
1132,1133,Ape Escape,PS,1999.0,Platform,Sony Computer Entertainment,0.71,0.48,0.32,0.11,1.63,90.0,19.0,8.8,53.0,SCEI,E
1143,1144,Dragon Quest IV: Chapters of the Chosen,DS,2007.0,Role-Playing,Square Enix,0.3,0.02,1.27,0.03,1.62,80.0,44.0,7.9,50.0,ArtePiazza,E10+
1302,1303,Dragon Quest VII: Warriors of Eden,3DS,2013.0,Role-Playing,Square Enix,0.06,0.09,1.3,0.01,1.46,,,,,,
1507,1508,Yu-Gi-Oh! The Sacred Cards,GBA,2002.0,Role-Playing,Konami Digital Entertainment,0.94,0.35,0.0,0.02,1.3,,,,,,
1539,1540,Yakuman,GB,1989.0,Misc,Nintendo,0.0,0.0,1.28,0.0,1.28,,,,,,
1586,1587,Watch Dogs,X360,2014.0,Action,Ubisoft,0.72,0.41,0.01,0.11,1.25,,,5,332.0,Ubisoft Montreal,M
1610,1611,Star Wars Episode III: Revenge of the Sith,XB,2005.0,Action,Activision,0.82,0.38,0.0,0.04,1.24,61.0,44.0,8.1,54.0,Double Helix Games,T
1651,1652,Cars,PS2,2006.0,Racing,THQ,1.01,0.04,0.0,0.16,1.21,71.0,30.0,8.4,12.0,Rainbow Studios,E
1700,1701,Disney Sing It,Wii,2008.0,Misc,Disney Interactive Studios,0.77,0.31,0.0,0.11,1.19,,,tbd,,Zoe Mode,E
1841,1842,Tom Clancy's Splinter Cell: Chaos Theory,XB,2005.0,Action,Ubisoft,0.68,0.38,0.0,0.05,1.11,94.0,70.0,9,160.0,Ubisoft Montreal,M
1985,1986,WWE SmackDown vs. Raw 2010,X360,2009.0,Fighting,THQ,0.56,0.37,0.01,0.1,1.04,80.0,59.0,8.4,36.0,Yuke's,T
2011,2012,Bomberman,NES,1985.0,Puzzle,Hudson Soft,0.18,0.0,0.85,0.0,1.03,,,,,,
2107,2108,Dead Space 3,X360,2013.0,Action,Electronic Arts,0.64,0.26,0.0,0.08,0.98,78.0,68.0,6.4,694.0,Visceral Games,M
2109,2110,Rocksmith 2014,PS3,2013.0,Misc,Ubisoft,0.53,0.24,0.05,0.16,0.98,,,,,,
2133,2134,LEGO Star Wars II: The Original Trilogy,GC,2006.0,Action,LucasArts,0.75,0.19,0.0,0.03,0.97,84.0,25.0,9.1,16.0,Traveller's Tales,E10+
2158,2159,World Championship Poker,PS2,2004.0,Misc,Play It,0.8,0.03,0.0,0.13,0.95,60.0,8.0,7.7,11.0,Coresoft,E
2170,2171,Wild ARMs,PS,1996.0,Role-Playing,Sony Computer Entertainment,0.26,0.17,0.46,0.06,0.95,,,,,,
2274,2275,Tokyo Xtreme Racer 3,PS2,2003.0,Racing,Genki,0.35,0.27,0.21,0.09,0.91,63.0,15.0,8.9,23.0,Genki,E
2282,2283,SSX,PS3,2012.0,Sports,Electronic Arts,0.35,0.41,0.02,0.14,0.91,81.0,38.0,6.8,110.0,EA Canada,E
2362,2363,NBA 2K6,PS2,2005.0,Action,Take-Two Interactive,0.43,0.34,0.0,0.11,0.88,84.0,23.0,8.3,13.0,Visual Concepts,E
2454,2455, Tales of Xillia 2,PS3,2012.0,Role-Playing,Namco Bandai Games,0.2,0.12,0.45,0.07,0.84,71.0,59.0,7.9,216.0,Bandai Namco Games,T
2480,2481,Time Crisis 4,PS3,2007.0,Shooter,Namco Bandai Games,0.32,0.32,0.05,0.14,0.83,60.0,52.0,7.4,21.0,Nex Entertainment,T
2493,2494,Need for Speed: Nitro,Wii,2009.0,Racing,Electronic Arts,0.45,0.3,0.0,0.08,0.83,69.0,41.0,7.4,38.0,EA Montreal,E10+
2523,2524,Dragon Warrior III,GB,2000.0,Role-Playing,Enix Corporation,0.0,0.0,0.81,0.0,0.81,,,,,,
2537,2538,Patapon,PSP,2007.0,Misc,Sony Computer Entertainment,0.33,0.25,0.07,0.16,0.81,86.0,60.0,8.7,102.0,SCE Japan Studio,E
2573,2574,Hasbro Family Game Night 3,Wii,2010.0,Misc,Electronic Arts,0.46,0.27,0.0,0.07,0.8,,,tbd,,Electronic Arts,E
2774,2775,Lego Batman 3: Beyond Gotham,PS3,2014.0,Action,Warner Bros. Interactive Entertainment,0.33,0.28,0.0,0.12,0.74,,,6.7,11.0,TT Games,E10+
2850,2851,Super Monkey Ball Jr.,GBA,2002.0,Puzzle,Atari,0.51,0.19,0.0,0.01,0.72,82.0,20.0,8.6,11.0,Realism Ltd,E
2970,2971,Star Wars: Masters of Teras Kasi,PS,1997.0,Action,LucasArts,0.38,0.26,0.0,0.04,0.68,,,,,,
3025,3026,Disney Tangled,Wii,2010.0,Action,Disney Interactive Studios,0.46,0.16,0.0,0.05,0.67,,,,,,
3082,3083,Taiko no Tatsujin DS: Touch de Dokodon!,DS,2007.0,Misc,Namco Bandai Games,0.0,0.0,0.66,0.0,0.66,,,,,,
3188,3189,NASCAR 06: Total Team Control,PS2,2005.0,Racing,Electronic Arts,0.53,0.02,0.0,0.09,0.63,78.0,18.0,7.7,18.0,EA Sports,E
3224,3225,Tony Hawk's American Wasteland,XB,2005.0,Sports,Activision,0.4,0.2,0.0,0.03,0.62,77.0,40.0,7.7,15.0,Neversoft Entertainment,T
3234,3235,Tak 2: The Staff of Dreams,PS2,2004.0,Platform,THQ,0.3,0.24,0.0,0.08,0.62,71.0,31.0,8,10.0,Avalanche Software,E
3290,3291,Jak and Daxter: The Lost Frontier,PSP,2009.0,Platform,Sony Computer Entertainment,0.18,0.27,0.0,0.15,0.61,71.0,47.0,6.3,28.0,High Impact Games,E10+
3353,3354,"Transformers: The Game (XBox 360, PS2, PS3, Wii & PC Versions)",X360,2007.0,Action,Activision,0.51,0.04,0.0,0.05,0.6,,,,,,
3414,3415,Asphalt: Urban GT,DS,2004.0,Racing,Ubisoft,0.31,0.22,0.0,0.06,0.59,60.0,38.0,7.5,13.0,Gameloft,E
3460,3461,Unreal Tournament,PS2,2000.0,Shooter,Infogrames,0.28,0.22,0.0,0.07,0.58,77.0,23.0,6.8,13.0,Epic Games,M
3487,3488,NCAA Football 10,PS2,2009.0,Sports,Electronic Arts,0.28,0.22,0.0,0.07,0.58,,,tbd,,EA Tiburon,E
3705,3706,Action Force,2600,1982.0,Action,CPG Products,0.5,0.03,0.0,0.01,0.54,,,,,,
3740,3741,The Incredible Hulk: Ultimate Destruction,PS2,2005.0,Action,Vivendi Games,0.26,0.2,0.0,0.07,0.54,83.0,41.0,8.7,38.0,Radical Entertainment,T
3884,3885,Pac-Man Fever,PS2,2001.0,Misc,Sony Computer Entertainment,0.25,0.2,0.0,0.07,0.51,47.0,14.0,6.3,7.0,Mass Media,E
3998,3999,Tomb Raider: Anniversary,PS2,2007.0,Action,Eidos Interactive,0.41,0.02,0.0,0.07,0.5,,,8.2,29.0,Crystal Dynamics,T
4128,4129,Fantavision,PS2,2000.0,Puzzle,Sony Computer Entertainment,0.14,0.11,0.19,0.04,0.47,72.0,18.0,6.3,9.0,SCEJ,E
4133,4134,X-Men: Next Dimension,PS2,2002.0,Fighting,Activision,0.23,0.18,0.0,0.06,0.47,61.0,19.0,8.7,13.0,Paradox Development,T
4206,4207,Art Academy: Lessons for Everyone,3DS,2012.0,Action,Nintendo,0.2,0.04,0.21,0.02,0.46,81.0,14.0,7.6,22.0,"Nintendo, Headstrong Games",E
4221,4222,Harry Potter and the Order of the Phoenix,Wii,2007.0,Action,Electronic Arts,0.38,0.05,0.0,0.04,0.46,69.0,34.0,7.2,28.0,EA Games,E10+
4295,4296,NFL Head Coach,PS2,2006.0,Sports,Electronic Arts,0.38,0.01,0.0,0.06,0.45,66.0,22.0,6.9,15.0,EA Tiburon,E
4338,4339,Mobile Suit Gundam,PS,1995.0,Action,Namco Bandai Games,0.0,0.0,0.42,0.03,0.45,,,,,,
4374,4375,Yu-Gi-Oh! Capsule Monster Coliseum,PS2,2004.0,Misc,Konami Digital Entertainment,0.22,0.17,0.0,0.06,0.44,,,,,,
4438,4439,FIFA Soccer 13,PSV,2012.0,Action,Electronic Arts,0.0,0.28,0.05,0.11,0.44,57.0,9.0,4.1,89.0,Electronic Arts,E
4446,4447,Eternal Darkness: Sanity's Requiem,GC,2002.0,Adventure,Nintendo,0.34,0.09,0.0,0.01,0.44,92.0,41.0,8.7,173.0,Silicon Knights,M
4636,4637,Paper Mario: Color Splash,WiiU,2016.0,Role-Playing,Nintendo,0.2,0.14,0.05,0.03,0.42,75.0,72.0,6.8,208.0,"Nintendo, Intelligent Systems",E
4649,4650,Attack on Titan: Humanity in Chains,3DS,2013.0,Action,Screenlife,0.0,0.0,0.42,0.0,0.42,46.0,22.0,4.5,34.0,Spike Chunsoft,M
4776,4777,TNA iMPACT!,PS3,2008.0,Fighting,Midway Games,0.22,0.12,0.0,0.06,0.4,,,,,,
4819,4820,My Virtual Tutor: Reading Adventure First to Second Grade,DS,2009.0,Misc,Mentor Interactive,0.37,0.0,0.0,0.03,0.4,,,,,,
4849,4850,SD Gundam G Generation Seed,PS2,2004.0,Strategy,Namco Bandai Games,0.0,0.0,0.4,0.0,0.4,,,,,,
4946,4947,Samurai Warriors Chronicles,3DS,2011.0,Action,Tecmo Koei,0.12,0.05,0.2,0.01,0.39,61.0,30.0,7.7,35.0,Omega Force,T
4960,4961,Triple Play 97,PS,1996.0,Sports,Electronic Arts Victor,0.21,0.15,0.0,0.03,0.38,,,,,,
5042,5043,Need for Speed: Nitro,DS,2009.0,Racing,Electronic Arts,0.21,0.13,0.0,0.04,0.38,70.0,7.0,6.3,7.0,Firebrand Games,E10+
5071,5072,Tobal 2,PS,1997.0,Fighting,SquareSoft,0.0,0.0,0.35,0.02,0.37,,,,,,
5157,5158,Fragile Dreams: Farewell Ruins of the Moon,Wii,2009.0,Role-Playing,Rising Star Games,0.16,0.12,0.06,0.03,0.36,67.0,41.0,8.3,63.0,Tri-Crescendo,T
5195,5196,BlazBlue: Calamity Trigger,X360,2009.0,Fighting,PQube,0.21,0.08,0.04,0.03,0.36,86.0,51.0,8.5,70.0,Arc System Works,T
5295,5296,Football Manager 2016,PC,2015.0,Simulation,Sega,0.0,0.33,0.0,0.02,0.35,81.0,34.0,6.9,97.0,Sega,E
5327,5328,Jikkyou Powerful Pro Yakyuu 7,PS2,2000.0,Sports,Konami Digital Entertainment,0.0,0.0,0.35,0.0,0.35,,,,,,
5337,5338,Charlie and the Chocolate Factory,PS2,2005.0,Adventure,Global Star,0.17,0.13,0.0,0.04,0.35,35.0,21.0,4.1,28.0,"High Voltage Software, Backbone Entertainment",E
5444,5445,NHL 17,PS4,2016.0,Sports,Electronic Arts,0.19,0.08,0.0,0.06,0.33,78.0,26.0,5.8,67.0,"EA Canada, EA Vancouver",E10+
5493,5494,Naruto: Rise of a Ninja,X360,2007.0,Action,Ubisoft,0.29,0.01,0.0,0.03,0.33,78.0,35.0,8.6,84.0,Ubisoft Montreal,T
5589,5590,Dragon Ball Heroes: Ultimate Mission 2 ,3DS,2014.0,Strategy,Namco Bandai Games,0.0,0.0,0.32,0.0,0.32,,,,,,
5625,5626,Karaoke Revolution Volume 3,PS2,2004.0,Misc,Konami Digital Entertainment,0.16,0.12,0.0,0.04,0.32,82.0,25.0,7.8,10.0,Harmonix Music Systems,E
5643,5644,Frankenstein's Monster,2600,1982.0,Action,Data Age,0.3,0.02,0.0,0.0,0.32,,,,,,
5656,5657,The Conveni: Ano Machi wo Dokusen Seyo,PS,1997.0,Simulation,Human Entertainment,0.0,0.0,0.3,0.02,0.32,,,,,,
5770,5771,Clash of the Titans,PS3,2010.0,Action,Namco Bandai Games,0.09,0.15,0.01,0.05,0.31,41.0,28.0,1.7,17.0,Game Republic,T
5801,5802,Ganbare Goemon 2: Kiteretsu Shougun Magginesu,SNES,1993.0,Platform,Konami Digital Entertainment,0.0,0.0,0.31,0.0,0.31,,,,,,
5858,5859,Famista '91,NES,1990.0,Sports,Namco Bandai Games,0.0,0.0,0.3,0.0,0.3,,,,,,
5875,5876,Quake II,N64,1999.0,Shooter,Activision,0.24,0.06,0.0,0.0,0.3,,,,,,
5890,5891,Stranglehold,PS3,2007.0,Shooter,Midway Games,0.24,0.02,0.0,0.03,0.3,77.0,22.0,7.9,48.0,Midway,M
5933,5934,Radiant Historia,DS,2010.0,Role-Playing,Atlus,0.19,0.0,0.09,0.01,0.29,85.0,30.0,9,81.0,Atlus,E10+
6021,6022,Just Dance Wii 2,Wii,2012.0,Misc,Nintendo,0.0,0.0,0.29,0.0,0.29,,,,,,
6103,6104,Street Hoops,XB,2002.0,Sports,Activision,0.21,0.06,0.0,0.01,0.28,58.0,22.0,8,4.0,Black Ops Entertainment,T
6135,6136,Kung Fu Chaos,XB,2003.0,Fighting,Microsoft Game Studios,0.21,0.06,0.0,0.01,0.28,68.0,41.0,8.5,27.0,Just Add Monsters,T
6182,6183,NBA In The Zone,PS,1995.0,Sports,Konami Digital Entertainment,0.16,0.11,0.0,0.02,0.28,,,,,,
6201,6202,Trivial Pursuit,PS3,2009.0,Misc,Electronic Arts,0.12,0.11,0.0,0.05,0.28,66.0,13.0,7.1,7.0,EA Bright Light,E
6257,6258,Over the Hedge,DS,2006.0,Platform,Activision,0.24,0.01,0.0,0.02,0.27,71.0,17.0,6.4,9.0,Vicarious Visions,E
6268,6269,GRID 2,X360,2013.0,Racing,Codemasters,0.08,0.16,0.0,0.03,0.27,78.0,51.0,5.8,156.0,Codemasters,E
6295,6296,Rocky: Legends,PS2,2004.0,Action,Ubisoft,0.13,0.1,0.0,0.03,0.27,65.0,24.0,8.6,12.0,Venom Games,T
6301,6302,Bridge,2600,1980.0,Misc,Activision,0.25,0.02,0.0,0.0,0.27,,,,,,
6344,6345,NHL 2K11,Wii,2010.0,Sports,Take-Two Interactive,0.23,0.02,0.0,0.02,0.27,62.0,12.0,5.8,4.0,Visual Concepts,E10+
6358,6359,Thoroughbred Breeder II,SNES,1994.0,Simulation,Hect,0.0,0.0,0.27,0.0,0.27,,,,,,
6478,6479,Tom and Jerry in War of the Whiskers,PS2,2002.0,Fighting,Ubisoft,0.13,0.1,0.0,0.03,0.26,,,,,,
6626,6627,Cartoon Network Collection: Game Boy Advance Video Volume 1,GBA,2004.0,Misc,,0.18,0.07,0.0,0.0,0.25,,,,,,
6638,6639,Ben 10 Triple Pack,DS,2011.0,Misc,D3Publisher,0.12,0.11,0.0,0.02,0.25,,,tbd,,D3Publisher,E10+
6775,6776,That's So Raven: Psychic on the Scene,DS,2006.0,Adventure,Disney Interactive Studios,0.23,0.0,0.0,0.02,0.24,,,tbd,,Handheld Games,E
6820,6821,Lunar: Silver Star Harmony,PSP,2009.0,Role-Playing,GungHo,0.19,0.0,0.03,0.02,0.24,80.0,26.0,7.7,47.0,Game Arts,T
6863,6864,Metro 2033,PC,2010.0,Shooter,THQ,0.0,0.19,0.0,0.05,0.24,81.0,40.0,8.1,1472.0,4A Games,M
6901,6902,Harry Potter and the Order of the Phoenix,PS3,2007.0,Action,Electronic Arts,0.18,0.03,0.0,0.03,0.24,67.0,35.0,6.6,25.0,EA Games,E10+
6956,6957,NBA Live 15,PS4,2014.0,Sports,Electronic Arts,0.16,0.04,0.0,0.04,0.23,59.0,24.0,5.6,86.0,EA Sports,E
7001,7002,M&M's Kart Racing,Wii,2007.0,Racing,Zoo Digital Publishing,0.21,0.0,0.0,0.02,0.23,,,,,,
7010,7011,Game & Wario,WiiU,2013.0,Misc,Nintendo,0.05,0.06,0.12,0.01,0.23,,,,,,
7110,7111,Digimon World DS (JP sales),DS,2006.0,Role-Playing,Namco Bandai Games,0.0,0.0,0.23,0.0,0.23,,,,,,
7212,7213,Child of Eden,PS3,2011.0,Shooter,Ubisoft,0.09,0.1,0.0,0.04,0.22,81.0,21.0,7.8,25.0,Q Entertainment,E10+
7334,7335,MTV Celebrity Deathmatch,XB,2003.0,Fighting,Gotham Games,0.16,0.05,0.0,0.01,0.21,,,,,,
7355,7356,Breakaway IV,2600,,Puzzle,Sears,0.2,0.01,0.0,0.0,0.21,,,,,,
7356,7357,RealSports Baseball,2600,1981.0,Sports,Atari,0.2,0.01,0.0,0.0,0.21,,,,,,
7369,7370,NOÃ«L: NOT DiGITAL,PS,1996.0,Adventure,Pioneer LDC,0.0,0.0,0.2,0.01,0.21,,,,,,
7389,7390,Order Up!,Wii,2008.0,Misc,Zoo Digital Publishing,0.19,0.01,0.0,0.02,0.21,,,,,,
7393,7394,Ninja Gaiden: Dragon Sword,DS,2008.0,Action,Tecmo Koei,0.16,0.01,0.02,0.02,0.21,83.0,52.0,7.8,36.0,Team Ninja,T
7408,7409,The Wolf Among Us,PS4,2014.0,Adventure,Telltale Games,0.1,0.07,0.0,0.04,0.21,83.0,6.0,8.4,259.0,Telltale Games,M
7586,7587,Odin Sphere: Leifthrasir,PS4,2016.0,Role-Playing,Nippon Ichi Software,0.07,0.04,0.07,0.02,0.2,87.0,49.0,8.2,178.0,Vanillaware,T
7607,7608,Roadsters 99,N64,1999.0,Racing,Titus,0.06,0.13,0.0,0.01,0.2,,,,,,
7726,7727,Sniper Elite,PS2,2005.0,Shooter,Ubisoft,0.1,0.07,0.0,0.02,0.19,76.0,21.0,8.9,36.0,Rebellion,M
7737,7738,UFC Personal Trainer: The Ultimate Fitness System,PS3,2011.0,Sports,THQ,0.08,0.08,0.0,0.03,0.19,65.0,8.0,2.4,5.0,THQ,E
7850,7851,Pro Yakyuu Team o Tsukurou!,DS,2008.0,Sports,Sega,0.0,0.0,0.19,0.0,0.19,,,,,,
8025,8026,Tekken Tag Tournament 2,WiiU,2012.0,Fighting,Namco Bandai Games,0.09,0.07,0.01,0.01,0.18,,,,,,
8069,8070,UFC Personal Trainer: The Ultimate Fitness System,Wii,2011.0,Sports,THQ,0.11,0.06,0.0,0.02,0.18,54.0,5.0,tbd,,THQ,E
8152,8153,Otomedius Excellent,X360,,Shooter,Unknown,0.13,0.0,0.04,0.01,0.18,48.0,8.0,8.1,16.0,Konami,T
8153,8154,Charlie and the Chocolate Factory,GC,2005.0,Adventure,Global Star,0.14,0.04,0.0,0.0,0.18,39.0,16.0,3.2,6.0,"High Voltage Software, Backbone Entertainment",E
8199,8200,NBA Live 16,PS4,2015.0,Sports,Electronic Arts,0.1,0.04,0.0,0.03,0.18,59.0,27.0,6.1,70.0,EA Sports,E
8214,8215,Sports Illustrated for Kids: Baseball,GBA,2001.0,Sports,BAM! Entertainment,0.12,0.05,0.0,0.0,0.17,39.0,4.0,tbd,,Sennari Interactive,E
8252,8253,The Secret World,PC,2012.0,Role-Playing,Funcom,0.07,0.08,0.0,0.02,0.17,74.0,55.0,8.2,1326.0,Funcom,M
8262,8263,Disney's Atlantis: The Lost Empire,PS,2001.0,Platform,Sony Computer Entertainment,0.1,0.07,0.0,0.01,0.17,73.0,7.0,8.5,6.0,Eurocom Entertainment Software,E
8321,8322,Mahjong Fight Club,PSP,2004.0,Misc,Konami Digital Entertainment,0.0,0.0,0.17,0.0,0.17,,,,,,
8366,8367,Anarchy Reigns,X360,2012.0,Action,Sega,0.12,0.02,0.02,0.01,0.17,73.0,38.0,7.9,105.0,PlatinumGames,M
8502,8503,The Legend of Heroes VII: The Trail of Zero,PSP,2010.0,Role-Playing,Falcom Corporation,0.0,0.0,0.16,0.0,0.16,,,,,,
8549,8550,The BIGS,PS3,2007.0,Sports,Take-Two Interactive,0.15,0.0,0.0,0.01,0.16,77.0,19.0,7.2,12.0,Blue Castle Games,E
8634,8635,Mr. Driller 2,GBA,2001.0,Puzzle,Namco Bandai Games,0.0,0.0,0.15,0.0,0.16,62.0,16.0,tbd,,Namco,E
8682,8683,Toriko: Gourmet Monsters!,3DS,2012.0,Role-Playing,Namco Bandai Games,0.0,0.0,0.16,0.0,0.16,,,,,,
8742,8743,Klax,2600,1989.0,Puzzle,Atari,0.14,0.01,0.0,0.0,0.15,,,,,,
8886,8887,Geist,GC,2005.0,Adventure,Nintendo,0.11,0.03,0.0,0.0,0.15,66.0,43.0,8.5,23.0,n-Space,M
8920,8921,The Legend of Heroes: Trails of Cold Steel II,PS3,2014.0,Role-Playing,Nippon Ichi Software,0.02,0.02,0.11,0.01,0.15,90.0,4.0,7.8,71.0,Falcom,T
9045,9046,Doshin the Giant,GC,2002.0,Simulation,Nintendo,0.0,0.0,0.14,0.0,0.14,,,,,,
9121,9122,Pro Evolution Soccer 2015,XOne,2014.0,Sports,Konami Digital Entertainment,0.03,0.1,0.0,0.01,0.14,79.0,9.0,7.3,65.0,Konami,E
9153,9154,Micro Machines 64 Turbo,N64,1999.0,Racing,Codemasters,0.11,0.03,0.0,0.0,0.14,,,,,,
9220,9221,Space Venus starring Morning Musume,PS2,2001.0,Misc,Sony Music Entertainment,0.0,0.0,0.14,0.0,0.14,,,,,,
9295,9296,MotoGP '06,X360,2006.0,Racing,THQ,0.11,0.01,0.0,0.01,0.14,80.0,50.0,7.7,13.0,"Climax Group, Climax Studios",E
9382,9383,History Civil War: Secret Missions,X360,2008.0,Shooter,Activision,0.12,0.0,0.0,0.01,0.13,,,,,,
9487,9488,Cabela's Alaskan Adventure,X360,2006.0,Sports,Activision,0.12,0.0,0.0,0.01,0.13,48.0,11.0,5.6,17.0,FUN Labs,T
9518,9519,Destroy All Humans! Path of the Furon,X360,2008.0,Action,THQ,0.08,0.04,0.0,0.01,0.13,,,,,,
9666,9667,SCORE International Baja 1000: The Official Game,X360,2008.0,Racing,Activision,0.11,0.01,0.0,0.01,0.12,,,,,,
9705,9706,Colony Wars III: Red Sun,PS,2000.0,Simulation,Psygnosis,0.07,0.05,0.0,0.01,0.12,,,,,,
9708,9709,Backyard Baseball '09,DS,2008.0,Sports,Atari,0.11,0.0,0.0,0.01,0.12,,,tbd,,Humongous Entertainment,E
9740,9741,Mobile Suit Gundam Seed: Rengou vs. Z.A.F.T. Portable,PSP,2007.0,Shooter,Namco Bandai Games,0.0,0.0,0.12,0.0,0.12,,,,,,
9763,9764,Legend of the Guardians: The Owls of Ga'Hoole,DS,2010.0,Action,Warner Bros. Interactive Entertainment,0.11,0.01,0.0,0.01,0.12,33.0,5.0,tbd,,Tantatus,E10+
9819,9820,Backyard Sports Football: Rookie Rush,Wii,2010.0,Sports,Atari,0.11,0.0,0.0,0.01,0.12,,,,,,
9829,9830,PBR: Out of the Chute,Wii,2008.0,Sports,Crave Entertainment,0.11,0.0,0.0,0.01,0.12,,,,,,
9832,9833,College Hoops 2K6,X360,2006.0,Sports,Take-Two Interactive,0.11,0.0,0.0,0.01,0.12,70.0,17.0,7.3,11.0,2K Sports,E
9857,9858,Yakuza Kiwami,PS3,2016.0,Adventure,Sega,0.0,0.0,0.12,0.0,0.12,,,,,,
9878,9879,Mahou Shoujo Lyrical Nanoha A's Portable: The Battle of Aces,PSP,2010.0,Shooter,Namco Bandai Games,0.0,0.0,0.12,0.0,0.12,,,,,,
10052,10053,Blood Drive,X360,2010.0,Racing,Activision,0.09,0.01,0.0,0.01,0.11,40.0,21.0,6.5,10.0,Sidhe Interactive,M
10260,10261,My Little Sister Can't Be This Cute Portable,PSP,2012.0,Action,Namco Bandai Games,0.0,0.0,0.11,0.0,0.11,,,,,,
10319,10320,Victory Zone,PS,1995.0,Misc,Sony Computer Entertainment,0.0,0.0,0.1,0.01,0.11,,,,,,
10467,10468,The Lord of the Rings: Conquest,DS,2009.0,Action,Electronic Arts,0.09,0.01,0.0,0.01,0.1,61.0,9.0,7.8,6.0,Artificial Mind and Movement,E10+
10488,10489,Exit DS,DS,2008.0,Puzzle,Square Enix,0.09,0.0,0.01,0.01,0.1,64.0,25.0,6.7,6.0,Moss,E
10614,10615,SNK vs. Capcom: SVC Chaos,XB,2004.0,Fighting,Ignition Entertainment,0.08,0.02,0.0,0.0,0.1,,,,,,
10688,10689,Idol Janshi Suchie-Pai Remix,SAT,1995.0,Misc,Jaleco,0.0,0.0,0.1,0.0,0.1,,,,,,
10766,10767,CSI: Hard Evidence,X360,2007.0,Adventure,Ubisoft,0.07,0.02,0.0,0.01,0.1,,,,,,
10792,10793,iCarly 2: iJoin The Click!,Wii,2010.0,Adventure,Activision,0.08,0.01,0.0,0.01,0.1,,,9,10.0,Big Blue Bubble Inc.,E
10839,10840,Whacked!,XB,2002.0,Misc,Microsoft Game Studios,0.07,0.02,0.0,0.0,0.09,,,,,,
10995,10996,Alvin and the Chipmunks: Chipwrecked,Wii,2011.0,Misc,505 Games,0.07,0.01,0.0,0.01,0.09,,,tbd,,Behaviour Interactive,E10+
11002,11003,U-Sing  2,Wii,2010.0,Misc,Mindscape,0.0,0.08,0.0,0.01,0.09,,,,,,
11018,11019,Driver: Renegade,3DS,2011.0,Racing,Ubisoft,0.05,0.04,0.0,0.01,0.09,48.0,13.0,5,20.0,Ubisoft,M
11094,11095,Space Invaders Extreme,PSP,2008.0,Shooter,Square Enix,0.06,0.01,0.01,0.01,0.09,84.0,29.0,6.8,13.0,Taito Corporation,E
11121,11122,Fate/Extella: The Umbral Star,PSV,2016.0,Action,PQube,0.0,0.0,0.09,0.0,0.09,,,,,Marvelous Inc.,T
11340,11341,Angry Birds Star Wars,PSV,2013.0,Strategy,Activision,0.03,0.03,0.0,0.02,0.08,,,2,13.0,Exient Entertainment,E
11379,11380,Miami Nights: Singles in the City,DS,2008.0,Simulation,Ubisoft,0.08,0.0,0.0,0.01,0.08,48.0,6.0,7.1,7.0,Gameloft,T
11435,11436,Seven Samurai 20XX,PS2,2004.0,Action,Sega,0.04,0.03,0.0,0.01,0.08,52.0,31.0,7,6.0,Dimps Corporation,T
11457,11458,Nobunaga's Ambition: Rise to Power,PS2,2004.0,Strategy,Tecmo Koei,0.0,0.0,0.08,0.0,0.08,70.0,7.0,8.8,6.0,Koei,T
11552,11553,Disney's Meet the Robinsons,X360,2007.0,Action,Disney Interactive Studios,0.07,0.0,0.0,0.01,0.08,65.0,21.0,tbd,,Buena Vista Games,E10+
11567,11568,Ogre Battle Series: Tactics Ogre,PS,1997.0,Role-Playing,Atlus,0.04,0.03,0.0,0.01,0.08,,,,,,
11624,11625,Adventure Time: Explore the Dungeon Because I Don't Know!,X360,2013.0,Action,D3Publisher,0.03,0.04,0.0,0.01,0.08,,,,,,
11792,11793,Futurama,PS2,2003.0,Platform,SCi,0.04,0.03,0.0,0.01,0.07,59.0,22.0,6.6,14.0,UDS,T
11834,11835,Open Season,PSP,2006.0,Platform,Ubisoft,0.07,0.0,0.0,0.01,0.07,,,tbd,,Ubisoft,E10+
11927,11928,Monster Racers,DS,2009.0,Racing,Tecmo Koei,0.05,0.0,0.02,0.0,0.07,70.0,5.0,9,5.0,Koei,E
11945,11946,Monster Rancher Battle Card: Episode II,PS,2000.0,Action,Tecmo Koei,0.04,0.03,0.0,0.0,0.07,,,,,,
11956,11957,Jimmie Johnson's Anything With an Engine,Wii,2011.0,Racing,Konami Digital Entertainment,0.07,0.0,0.0,0.0,0.07,,,tbd,,Isopod Labs,E10+
11959,11960,Just Dance: Disney Party 2,XOne,2015.0,Action,Ubisoft,0.05,0.01,0.0,0.01,0.07,,,tbd,,Ubisoft,E
12005,12006,Cut the Rope,3DS,2014.0,Puzzle,Activision,0.06,0.0,0.0,0.01,0.07,,,tbd,,ZeptoLab,E
12013,12014,IA/VT Colorful,PSV,2015.0,Misc,Marvelous Entertainment,0.0,0.0,0.07,0.0,0.07,,,,,,
12048,12049,Dave Mirra BMX Challenge,Wii,2007.0,Sports,505 Games,0.06,0.0,0.0,0.01,0.07,36.0,5.0,tbd,,Left Field Productions,E
12211,12212,Pipe Mania,PSP,2008.0,Puzzle,Empire Interactive,0.06,0.0,0.0,0.01,0.07,74.0,6.0,tbd,,Empire Interactive,E
12219,12220,Order Up!!,PS3,2011.0,Action,Funbox Media,0.05,0.01,0.0,0.01,0.07,,,,,,
12223,12224,Army Men: Green Rogue,PS,2001.0,Action,3DO,0.04,0.02,0.0,0.0,0.07,,,,,,
12237,12238,Gambler Densetsu Tetsuya,PS2,2001.0,Adventure,Athena,0.0,0.0,0.07,0.0,0.07,,,,,,
12243,12244,Yoake Yori Ruriiro na: Brighter than Dawning Blue,PS2,2006.0,Adventure,Aria,0.0,0.0,0.07,0.0,0.07,,,,,,
12526,12527,Pro Evolution Soccer 2012,PS2,2011.0,Action,Konami Digital Entertainment,0.0,0.0,0.06,0.0,0.06,,,8.2,11.0,Konami,E
12570,12571,Coded Arms: Contagion,PSP,2007.0,Shooter,Konami Digital Entertainment,0.05,0.0,0.0,0.01,0.06,56.0,20.0,6.6,28.0,Creat Studios,T
12586,12587,Power Pro Success Legends,PSP,2010.0,Sports,Konami Digital Entertainment,0.0,0.0,0.06,0.0,0.06,,,,,,
12720,12721,Street Fighter V,PC,2016.0,Fighting,Capcom,0.0,0.05,0.0,0.0,0.06,74.0,33.0,2.9,431.0,Capcom,T
12736,12737,Constantine,XB,2005.0,Action,SCi,0.04,0.01,0.0,0.0,0.06,60.0,31.0,7.1,17.0,Bits Studios,M
12786,12787,Scrabble Blast!,GBA,2005.0,Misc,Zoo Digital Publishing,0.04,0.01,0.0,0.0,0.06,,,,,,
12882,12883,Olympic Soccer: Atlanta 1996,PS,1996.0,Sports,U.S. Gold,0.03,0.02,0.0,0.0,0.05,,,,,,
12898,12899,Sega Soccer Slam,XB,2002.0,Sports,Sega,0.04,0.01,0.0,0.0,0.05,80.0,15.0,8.5,10.0,Black Box,E
12961,12962,Zyuden Sentai Kyoryuger: Game de Gaburincho!!,3DS,2013.0,Action,Namco Bandai Games,0.0,0.0,0.05,0.0,0.05,,,,,,
12972,12973,Katekyoo Hitman Reborn! DS: Shinuki Max! Vongola Carnival!!,DS,2007.0,Action,Takara Tomy,0.0,0.0,0.05,0.0,0.05,,,,,,
13062,13063,Venetica,PC,2009.0,Role-Playing,DTP Entertainment,0.0,0.04,0.0,0.01,0.05,61.0,17.0,6.8,51.0,Deck 13,T
13144,13145,Steins;Gate 0,PS4,2015.0,Adventure,PQube,0.0,0.0,0.05,0.0,0.05,81.0,17.0,8.3,29.0,5pb,M
13197,13198,Durarara!! 3-way Standoff,PSP,2010.0,Adventure,ASCII Media Works,0.0,0.0,0.05,0.0,0.05,,,,,,
13291,13292,Silhouette Mirage,PS,1998.0,Platform,ESP,0.03,0.02,0.0,0.0,0.05,69.0,8.0,7.5,4.0,Treasure,E
13319,13320,MTX Mototrax,PSP,2006.0,Racing,Activision,0.04,0.0,0.0,0.0,0.05,67.0,8.0,tbd,,Left Field Productions,E
13566,13567,Runaway: A Twist of Fate,PC,2009.0,Adventure,Focus Home Interactive,0.0,0.04,0.0,0.01,0.04,79.0,15.0,8.2,40.0,Pendulo Studios,T
13611,13612,Naruto Shippuden: Dairansen! Kage Bunshin Emaki,DS,2008.0,Action,Takara Tomy,0.0,0.0,0.04,0.0,0.04,,,,,,
13649,13650,Igor: The Game,DS,2008.0,Adventure,Legacy Interactive,0.04,0.0,0.0,0.0,0.04,43.0,4.0,tbd,,Artefacts Studio,E
13674,13675,Split/Second,PC,2010.0,Racing,Disney Interactive Studios,0.0,0.04,0.0,0.01,0.04,79.0,18.0,8.2,116.0,Black Rock Studio,E10+
13713,13714,Dark Half,SNES,1996.0,Role-Playing,Enix Corporation,0.0,0.0,0.04,0.0,0.04,,,,,,
13783,13784,Monster High: New Ghoul in School,PS3,2015.0,Action,Little Orbit,0.0,0.03,0.0,0.01,0.04,,,tbd,,"Torus Games, Little Orbit",E
13794,13795,Ookami Kakushi,PSP,2009.0,Action,Konami Digital Entertainment,0.0,0.0,0.04,0.0,0.04,,,,,,
13876,13877,Grand Theft Auto: Vice City,PC,2003.0,Action,Take-Two Interactive,0.0,0.03,0.0,0.01,0.04,94.0,30.0,8.8,1520.0,Rockstar North,M
13931,13932,TMNT,DS,2007.0,Action,Ubisoft,0.03,0.01,0.0,0.0,0.04,42.0,10.0,2.2,5.0,Ubisoft Quebec,E10+
14108,14109,Cook Wars,Wii,2009.0,Misc,Ubisoft,0.03,0.0,0.0,0.0,0.04,,,tbd,,Virtual Toys,E
14129,14130,My Hero Academia: Battle for All,3DS,2016.0,Action,Namco Bandai Games,0.0,0.0,0.04,0.0,0.04,,,,,,
14144,14145,FabStyle,3DS,2011.0,Strategy,Tecmo Koei,0.0,0.0,0.03,0.0,0.03,,,,,,
14213,14214,Alpha Protocol,PC,2010.0,Role-Playing,Sega,0.0,0.03,0.0,0.01,0.03,72.0,25.0,7.5,511.0,Obsidian Entertainment,M
14256,14257,Super Dodgeball Brawlers (jp sales),DS,2008.0,Sports,Arc System Works,0.0,0.0,0.03,0.0,0.03,,,,,,
14329,14330,Atelier Sophie: The Alchemist of the Mysterious Book,PS3,2015.0,Role-Playing,Tecmo Koei,0.0,0.0,0.03,0.0,0.03,,,,,,
14354,14355,Elf Bowling 1 & 2,GBA,2005.0,Sports,Ignition Entertainment,0.02,0.01,0.0,0.0,0.03,,,,,,
14373,14374,Smart Girl's Winter Wonderland,DS,2008.0,Misc,UFO Interactive,0.03,0.0,0.0,0.0,0.03,,,tbd,,UFO Interactive,E
14453,14454,To LoveRu Trouble: Waku Waku! Rinkangakkou-Hen,DS,2008.0,Adventure,Marvelous Interactive,0.0,0.0,0.03,0.0,0.03,,,,,,
14550,14551,Bubble Bobble Evolution,PSP,2006.0,Puzzle,Rising Star Games,0.03,0.0,0.0,0.0,0.03,47.0,5.0,tbd,,Opus,E
14601,14602,Story Hour: Adventures,Wii,2008.0,Adventure,Zoo Digital Publishing,0.03,0.0,0.0,0.0,0.03,,,tbd,,Other Ocean Interactive,E
14689,14690,Race Driver 2006,PSP,2006.0,Racing,Codemasters,0.03,0.0,0.0,0.0,0.03,81.0,16.0,8.5,6.0,Sumo Digital,T
14750,14751,The Island of Dr. Frankenstein,Wii,2009.0,Adventure,Storm City Games,0.03,0.0,0.0,0.0,0.03,26.0,6.0,tbd,,Storm City Games,E
14753,14754,The IdolM@ster: Gravure For You! Vol. 6,PS3,2012.0,Action,Namco Bandai Games,0.0,0.0,0.03,0.0,0.03,,,,,,
14773,14774,CID The Dummy,PSP,2009.0,Platform,Oxygen Interactive,0.02,0.0,0.0,0.0,0.03,41.0,6.0,tbd,,Twelve Games,E10+
14935,14936,HotBrain,PSP,2007.0,Puzzle,Midway Games,0.02,0.0,0.0,0.0,0.03,,,,,,
14954,14955,Ducati Moto,DS,2008.0,Racing,Vir2L Studios,0.02,0.0,0.0,0.0,0.03,69.0,4.0,tbd,,4J Studios,E
15010,15011,DoDonPachi Dai-Oujou: Black Label Extra,X360,2009.0,Shooter,5pb,0.0,0.0,0.02,0.0,0.02,,,,,,
15026,15027,Pop'n Music 12 Iroha,PS2,2006.0,Simulation,Konami Digital Entertainment,0.0,0.0,0.02,0.0,0.02,,,,,,
15083,15084,Wii de Asobu: Metroid Prime,Wii,,Shooter,Nintendo,0.0,0.0,0.02,0.0,0.02,,,,,,
15085,15086,Wangan Midnight Portable,PSP,2007.0,Racing,Genki,0.0,0.0,0.02,0.0,0.02,,,,,,
15123,15124,Supermodel Makeover by Lauren Luke,DS,2009.0,Simulation,Avanquest,0.0,0.02,0.0,0.0,0.02,,,,,,
15271,15272,Yamasa Digi Portable: Matsuri no Tatsujin - Win-Chan no Natsumatsuri,PSP,2006.0,Misc,Yamasa Entertainment,0.0,0.0,0.02,0.0,0.02,,,,,,
15296,15297,Azada,3DS,2012.0,Puzzle,Licensed 4U,0.0,0.02,0.0,0.0,0.02,,,tbd,,Engine Software,E
15342,15343,Pebble Beach Golf Links,SAT,1994.0,Sports,Sega,0.0,0.0,0.02,0.0,0.02,,,,,,
15539,15540,X-Plane 10 Global,PC,2013.0,Simulation,Aerosoft,0.0,0.02,0.0,0.0,0.02,,,,,,
15561,15562,Mini Ninjas,PC,2009.0,Action,Eidos Interactive,0.0,0.02,0.0,0.0,0.02,74.0,14.0,8.3,78.0,Io Interactive,E10+
15679,15680,Elf Bowling 1 & 2,DS,2005.0,Sports,Ignition Entertainment,0.02,0.0,0.0,0.0,0.02,,,,,,
15708,15709,Kong: The Animated Series,GBA,2002.0,Action,BAM! Entertainment,0.01,0.0,0.0,0.0,0.02,52.0,4.0,tbd,,Planet Interactive,E
15758,15759,Ozzy & Drix,GBA,2003.0,Platform,Midway Games,0.01,0.0,0.0,0.0,0.02,,,,,,
15799,15800,Raven Squad: Operation Hidden Dagger,PC,2009.0,Shooter,Evolved Games,0.02,0.0,0.0,0.0,0.02,39.0,11.0,3.1,61.0,Atomic Motion,T
15820,15821,"Hanayaka Kana, Ware ga Ichizoku: Tasogare Polarstar",PSP,2013.0,Adventure,Idea Factory,0.0,0.0,0.02,0.0,0.02,,,,,,
15957,15958,Kiss Bell,PSV,2014.0,Adventure,Giga,0.0,0.0,0.02,0.0,0.02,,,,,,
15970,15971,PachiPara 3D,3DS,2011.0,Misc,Irem Software Engineering,0.0,0.0,0.02,0.0,0.02,,,,,,
16002,16003,Gummy Bears Magical Medallion,Wii,2011.0,Platform,Storm City Games,0.01,0.0,0.0,0.0,0.02,,,tbd,,Clockwork Games,E
16021,16022,Dragon Tales: Dragon Adventures,GBA,2003.0,Platform,NewKidCo,0.01,0.0,0.0,0.0,0.02,,,,,,
16063,16064,I Love Horses: Rider's Paradise,Wii,2010.0,Simulation,Destineer,0.01,0.0,0.0,0.0,0.02,,,tbd,,Destineer,E
16083,16084,Dragon Zakura DS,DS,2007.0,Misc,Electronic Arts,0.0,0.0,0.01,0.0,0.01,,,,,,
16084,16085,Chameleon: To Dye For!,DS,2006.0,Puzzle,505 Games,0.01,0.0,0.0,0.0,0.01,,,,,,
16161,16162,Call of Juarez,PC,2006.0,Shooter,Ubisoft,0.0,0.01,0.0,0.0,0.01,72.0,25.0,7.8,223.0,Techland,M
16184,16185,Rocksmith 2014 Edition Remastered,XOne,2016.0,Misc,Ubisoft,0.01,0.0,0.0,0.0,0.01,,,tbd,,Ubisoft,T
16282,16283,Brain Exercise With Dr. Kawashima,PC,2009.0,Puzzle,Namco Bandai Games,0.0,0.01,0.0,0.0,0.01,,,,,,
16293,16294,Rave Master: Special Attack Force!,GBA,2002.0,Fighting,Konami Digital Entertainment,0.01,0.0,0.0,0.0,0.01,56.0,9.0,tbd,,KCEJ,T
16298,16299,Football Manager 2005,PC,2004.0,Sports,Sega,0.0,0.01,0.0,0.0,0.01,,,,,,
16334,16335,Densetsu no Yuusha no Densetsu: Legendary Saga,PSP,2010.0,Role-Playing,Kadokawa Shoten,0.0,0.0,0.01,0.0,0.01,,,,,,
16353,16354,Ultraman Fighting Evolution 0,PSP,2006.0,Fighting,Banpresto,0.0,0.0,0.01,0.0,0.01,,,,,,
16378,16379,Starry ? Sky: After Autumn,PSP,2011.0,Misc,Aqua Plus,0.0,0.0,0.01,0.0,0.01,,,,,,
16411,16412,Happy Dance Collection,Wii,2008.0,Misc,Namco Bandai Games,0.0,0.0,0.01,0.0,0.01,,,,,,
16454,16455,Turbo: Super Stunt Squad,X360,2013.0,Sports,D3Publisher,0.0,0.01,0.0,0.0,0.01,,,4.5,10.0,Monkey Bar Games,E
16464,16465,Young Justice: Legacy,X360,2013.0,Action,Namco Bandai Games,0.0,0.01,0.0,0.0,0.01,,,6.2,10.0,Freedom Factory Studios,T
16528,16529,Golden Time: Vivid Memories,PSV,2014.0,Adventure,ASCII Media Works,0.0,0.0,0.01,0.0,0.01,,,,,,
